Genre,Director,Actor1,Actor2,Year,Runtime,Rating
Drama,Tarantino,Johansson,Cruise,2023,165,3.2289976262782383
Action,Tarantino,Johansson,Cruise,2006,143,5.4578498457151055
Action,Nolan,Streep,Cruise,1984,166,6.912719419825429
Romance,Nolan,Hanks,DiCaprio,2010,142,4.453683853383726
Action,Cameron,Hanks,Cruise,1991,95,2.801504212681636
Comedy,Wong,Streep,Hanks,2023,115,5.236369572162904
Action,Cameron,DiCaprio,Johansson,1999,128,8.483464965396461
Action,Nolan,Hanks,Johansson,1981,137,9.649443622083153
Sci-Fi,Cameron,Cruise,Cruise,1995,152,9.775081168820305
Romance,Nolan,Streep,Hanks,2006,165,5.321916663372896
Sci-Fi,Spielberg,DiCaprio,Johansson,2003,155,3.421068740341446
Sci-Fi,Wong,Johansson,Streep,1985,91,7.554995045832298
Romance,Wong,Johansson,Hanks,2007,147,2.215468872565797
Drama,Nolan,Streep,Streep,1991,180,9.54637638325144
Romance,Wong,Hanks,DiCaprio,2013,151,2.172711554861657
Drama,Tarantino,DiCaprio,Hanks,2001,174,5.684979287449144
Sci-Fi,Spielberg,Johansson,Hanks,1994,117,3.9365295238100066
Romance,Cameron,Johansson,Cruise,1980,83,7.8498558322328105
Comedy,Tarantino,Hanks,DiCaprio,2019,161,7.949581148697089
Sci-Fi,Cameron,DiCaprio,Hanks,1989,131,8.592094613739128
Sci-Fi,Tarantino,Johansson,Streep,1985,155,9.434017702826068
Romance,Tarantino,DiCaprio,Streep,1990,156,4.944370868804459
Comedy,Tarantino,Cruise,Streep,1992,163,7.885044992968256
Action,Wong,Cruise,Hanks,1993,132,5.297461525016287
Drama,Wong,DiCaprio,Cruise,2007,100,4.892003048522185
Action,Nolan,Cruise,Johansson,2009,95,6.5173370107788395
Action,Tarantino,Cruise,Hanks,1987,83,9.68821858611156
Action,Wong,Johansson,Cruise,1996,107,9.504769470911038
Comedy,Cameron,Hanks,Streep,1995,166,6.33900179864328
Drama,Tarantino,DiCaprio,Hanks,1988,83,1.107678823826945
Sci-Fi,Tarantino,Streep,Streep,2000,99,1.7371021394168236
Drama,Spielberg,Hanks,Johansson,2019,89,8.445642262114461
Sci-Fi,Wong,Hanks,Streep,2012,126,6.352315105271896
Action,Nolan,Streep,Cruise,1984,82,5.786960402456598
Sci-Fi,Tarantino,Streep,Cruise,2003,126,6.06272233503793
Action,Wong,Cruise,Streep,2013,117,9.420569719729611
Action,Wong,Johansson,Cruise,2012,118,4.572704113780483
Romance,Nolan,Cruise,Johansson,2000,156,1.7502026371353177
Drama,Spielberg,Johansson,Streep,2005,148,2.0403863073796487
Sci-Fi,Tarantino,Johansson,Cruise,2009,140,5.87161455040958
Comedy,Nolan,Cruise,Streep,2020,133,8.702950678544616
Drama,Spielberg,Cruise,Hanks,2020,97,1.5774748632625029
Romance,Tarantino,Cruise,Hanks,1981,94,7.141334651800829
Sci-Fi,Cameron,Johansson,DiCaprio,1994,87,9.949156665193774
Comedy,Cameron,Johansson,Streep,2010,134,6.5105547635922125
Sci-Fi,Tarantino,Cruise,Hanks,1985,96,3.272965573172518
Comedy,Tarantino,Streep,DiCaprio,1988,119,9.17287004579171
Sci-Fi,Tarantino,Hanks,Streep,1994,168,1.9029664000895026
Action,Cameron,Streep,DiCaprio,1982,167,6.922802710924139
Comedy,Cameron,DiCaprio,Johansson,2022,108,5.6598067280206035
Drama,Nolan,Cruise,Johansson,1994,176,3.217847116946908
Romance,Cameron,Johansson,Cruise,1986,129,2.9718766039938243
Comedy,Wong,Streep,Johansson,1984,173,1.5013002830929518
Sci-Fi,Tarantino,Johansson,Johansson,1985,83,7.270779836779375
Romance,Cameron,Cruise,Johansson,2003,168,1.6305070379553404
Sci-Fi,Tarantino,Johansson,Johansson,2013,162,7.001797437061414
Comedy,Wong,Cruise,Hanks,2017,153,4.738684655306297
Comedy,Wong,Johansson,DiCaprio,2018,86,3.5919959435274396
Action,Wong,Johansson,DiCaprio,1992,163,8.20232227327729
Action,Wong,Cruise,DiCaprio,2002,171,5.720674129013184
Drama,Tarantino,Streep,Hanks,2007,82,1.5414710496157276
Action,Nolan,Cruise,Johansson,1984,123,3.4815646974707883
Comedy,Wong,Cruise,Johansson,1997,155,2.7255253132812203
Sci-Fi,Cameron,Cruise,Johansson,2013,104,9.049975489683018
Comedy,Cameron,Hanks,Streep,2019,125,4.249817135090673
Sci-Fi,Tarantino,Cruise,Streep,2012,90,7.11350865698406
Romance,Wong,Hanks,Cruise,2010,169,4.221076105315056
Action,Tarantino,Johansson,Johansson,2002,93,4.831987898126826
Drama,Spielberg,Hanks,DiCaprio,1988,144,8.519725530601567
Comedy,Spielberg,Johansson,Johansson,2010,81,9.535696232188691
Romance,Wong,Cruise,DiCaprio,1994,106,5.123978519656287
Romance,Tarantino,Hanks,Cruise,1987,96,3.379905443544386
Comedy,Nolan,Cruise,DiCaprio,1997,153,3.989894099799347
Action,Spielberg,Cruise,Hanks,1984,124,4.070215740880009
Sci-Fi,Tarantino,DiCaprio,Hanks,2004,174,4.0052514246607895
Romance,Cameron,Hanks,Streep,1989,125,1.401975826291247
Action,Tarantino,Streep,Streep,2010,92,8.772855033905621
Comedy,Tarantino,DiCaprio,DiCaprio,1988,89,9.347108767639455
Romance,Wong,Hanks,DiCaprio,2004,94,6.507642189318448
Action,Cameron,Cruise,Cruise,2006,143,5.319358107094098
Romance,Tarantino,Streep,Johansson,1992,99,6.964217447480664
Romance,Wong,DiCaprio,Hanks,1996,125,4.320611983613511
Romance,Cameron,Streep,Johansson,1998,108,8.320302029779974
Romance,Wong,Cruise,Cruise,1988,133,5.102729193045298
Comedy,Wong,Johansson,DiCaprio,1986,128,1.6672946920296
Sci-Fi,Nolan,Cruise,Johansson,2003,147,1.5896326422295601
Sci-Fi,Cameron,Hanks,Streep,2012,175,4.02176894543427
Romance,Nolan,DiCaprio,Johansson,2017,121,9.803790973354321
Romance,Nolan,Johansson,Hanks,1997,120,9.885081803790051
Action,Tarantino,Johansson,DiCaprio,2020,91,9.227862484007538
Sci-Fi,Cameron,DiCaprio,Cruise,1984,124,1.368769560024469
Romance,Nolan,Johansson,Hanks,2020,153,1.770430746988882
Romance,Cameron,Johansson,DiCaprio,1999,116,1.8726453814833692
Action,Nolan,Streep,Johansson,1989,107,1.4195404972913168
Drama,Wong,Cruise,Johansson,2014,135,8.887183827930606
Sci-Fi,Nolan,Hanks,Streep,2007,144,1.2596887304612596
Comedy,Nolan,DiCaprio,Streep,1986,136,1.8481095107872632
Comedy,Spielberg,Hanks,DiCaprio,2023,134,8.719197462157574
Comedy,Cameron,Johansson,Hanks,2018,152,8.020135272035265
Comedy,Nolan,Johansson,Johansson,2010,172,9.713106819322075
Romance,Wong,Hanks,Cruise,1986,93,9.580061999518252
Romance,Cameron,DiCaprio,Streep,2001,110,3.527446232473358
Action,Tarantino,Streep,Cruise,1987,121,3.927743032402155
Romance,Wong,DiCaprio,DiCaprio,1981,110,4.75974561780038
Romance,Cameron,Johansson,Streep,1982,145,4.495985955853824
Action,Nolan,DiCaprio,DiCaprio,2017,142,3.6765672536897887
Sci-Fi,Nolan,Cruise,Hanks,1985,172,3.2165419046806147
Action,Cameron,Streep,Johansson,2016,157,3.124278953300551
Romance,Nolan,Hanks,DiCaprio,2019,162,1.4806694558070257
Drama,Tarantino,Streep,Cruise,2005,167,2.3653573757240034
Romance,Tarantino,Streep,Johansson,2017,108,3.2721302640015186
Drama,Tarantino,Johansson,DiCaprio,2014,141,3.516467544479608
Action,Tarantino,Cruise,Cruise,2004,90,7.9902877506718095
Drama,Nolan,Johansson,Hanks,2009,151,8.788348934211239
Drama,Spielberg,DiCaprio,Cruise,1987,162,7.8426727881644815
Action,Tarantino,Hanks,Streep,1993,90,1.3979044025874774
Action,Wong,Hanks,Hanks,2018,179,9.156159298830605
Sci-Fi,Tarantino,Hanks,Streep,1985,153,7.254219639904303
Sci-Fi,Wong,Johansson,DiCaprio,1984,102,1.5096033337659436
Comedy,Wong,DiCaprio,Hanks,2004,172,9.723870915039944
Drama,Spielberg,Streep,Hanks,2011,143,1.6106808427582742
Action,Cameron,Streep,DiCaprio,2001,180,7.669075399444911
Action,Cameron,Cruise,Hanks,1991,171,9.78400216784398
Drama,Wong,Johansson,Hanks,1992,96,1.8803196150002388
Comedy,Spielberg,DiCaprio,Johansson,2011,101,5.537877365688431
Action,Nolan,Hanks,Johansson,1990,170,6.440518530832939
Action,Spielberg,DiCaprio,DiCaprio,1993,102,6.0126635255191765
Comedy,Spielberg,Hanks,DiCaprio,1988,149,8.037998891841465
Drama,Spielberg,Johansson,Hanks,1996,157,6.122741081246875
Comedy,Cameron,DiCaprio,Cruise,1990,171,8.826360168682756
Drama,Spielberg,DiCaprio,Johansson,2006,143,8.698865350608509
Action,Wong,Hanks,Johansson,2023,168,2.8522405182956434
Action,Cameron,Johansson,Hanks,2006,81,2.417585617565656
Action,Wong,Hanks,Streep,2001,149,5.068966731980322
Drama,Spielberg,Johansson,DiCaprio,2020,180,6.223007842703991
Comedy,Cameron,Johansson,Cruise,1992,90,8.653604512758834
Action,Wong,Johansson,Johansson,1983,175,4.86351939153582
Romance,Nolan,Streep,Streep,1999,123,2.8864260598718157
Drama,Spielberg,Cruise,Hanks,1987,110,2.3267019135719336
Sci-Fi,Cameron,Cruise,Hanks,2018,88,7.405728556804125
Romance,Spielberg,Hanks,Cruise,2004,119,2.8267757495297086
Sci-Fi,Spielberg,Cruise,Cruise,2009,115,9.586330184574043
Action,Wong,Hanks,Hanks,1996,112,8.57626949601783
Comedy,Cameron,Hanks,Streep,2007,175,5.074003987361358
Romance,Tarantino,Hanks,DiCaprio,1985,149,9.151209723594299
Comedy,Tarantino,Johansson,Johansson,2016,168,3.2905546637550698
Romance,Cameron,Cruise,Streep,1982,99,9.643123708294187
Sci-Fi,Nolan,Streep,Hanks,2016,168,3.7073313683583122
Romance,Cameron,Cruise,DiCaprio,2000,164,6.830586518185019
Action,Nolan,Johansson,Cruise,1992,163,3.7191405741725676
Drama,Nolan,Cruise,DiCaprio,1982,178,6.950949238413026
Romance,Spielberg,Hanks,Streep,2001,157,7.028659013808618
Comedy,Tarantino,Streep,DiCaprio,1988,123,2.104793173773055
Sci-Fi,Tarantino,Johansson,Streep,2007,167,3.6470520060105187
Sci-Fi,Nolan,DiCaprio,Hanks,1988,151,4.644643122076444
Sci-Fi,Cameron,Streep,DiCaprio,2018,92,2.9348692026442094
Comedy,Nolan,Johansson,Hanks,2014,115,8.320914747914276
Drama,Nolan,DiCaprio,Cruise,1985,159,3.4135866634419867
Action,Wong,Cruise,DiCaprio,2002,100,9.478311912738535
Drama,Spielberg,Streep,Johansson,2011,125,9.297406222351002
Comedy,Spielberg,Cruise,Johansson,2020,94,6.069933755740045
Sci-Fi,Wong,Johansson,Johansson,2014,109,5.061431858992227
Drama,Cameron,Johansson,Johansson,1994,105,6.089709895152055
Romance,Spielberg,DiCaprio,Hanks,2023,114,8.931228808334412
Comedy,Wong,Cruise,Streep,2011,159,7.472399676822762
Sci-Fi,Nolan,Hanks,Cruise,1981,81,7.280454935587505
Romance,Cameron,Johansson,DiCaprio,1986,97,9.839042103615627
Action,Cameron,Hanks,Hanks,1999,169,5.775160947437758
Sci-Fi,Nolan,Johansson,DiCaprio,2019,83,1.4670556613571581
Comedy,Spielberg,DiCaprio,Streep,2001,177,4.681656241551704
Sci-Fi,Wong,Streep,Streep,2016,107,8.10542312145958
Drama,Spielberg,Cruise,Johansson,1987,106,2.419667704792322
Action,Nolan,Streep,Streep,2006,131,9.083022003535199
Sci-Fi,Nolan,DiCaprio,Streep,2014,122,1.7616321926620846
Sci-Fi,Wong,Cruise,Johansson,1987,152,8.975686692462707
Romance,Spielberg,Streep,Johansson,2016,125,1.2172460302147519
Sci-Fi,Cameron,DiCaprio,Hanks,1991,127,4.049040228614533
Sci-Fi,Tarantino,Cruise,Cruise,2022,140,6.791087105684094
Sci-Fi,Wong,Johansson,DiCaprio,2018,167,2.0932863648333475
Action,Nolan,Johansson,Hanks,1983,165,7.05887966360226
Action,Nolan,Streep,Cruise,2005,115,1.0914004662463617
Romance,Nolan,Hanks,Hanks,1993,85,2.700811056262866
Comedy,Spielberg,Johansson,Johansson,2005,91,6.573281311908456
Sci-Fi,Nolan,Johansson,Cruise,1985,164,4.233196604254941
Sci-Fi,Cameron,Hanks,Streep,1999,138,8.388658315419
Comedy,Cameron,Johansson,Cruise,2020,127,6.879445575645299
Comedy,Tarantino,Streep,Cruise,1982,117,5.9330106081792024
Drama,Spielberg,Hanks,Johansson,2003,139,5.391618417135884
Romance,Wong,Streep,Cruise,2006,132,4.202627166499116
Drama,Nolan,DiCaprio,Cruise,1987,147,3.985693308022853
Action,Spielberg,DiCaprio,Cruise,1983,148,5.919844723277081
Action,Cameron,Johansson,DiCaprio,1981,149,5.205427753962639
Sci-Fi,Wong,Hanks,DiCaprio,2008,105,3.6802512548217132
Romance,Nolan,Johansson,DiCaprio,2002,136,7.304582488395092
Romance,Cameron,DiCaprio,Hanks,1995,85,2.77644784271958
Sci-Fi,Cameron,Hanks,Johansson,1994,123,8.82334046199704
Drama,Tarantino,Hanks,DiCaprio,1987,119,2.8796902139801888
Action,Cameron,Cruise,Streep,1993,175,7.925650646670076
Drama,Tarantino,Johansson,Streep,2018,141,8.700879714967076
Action,Nolan,Cruise,DiCaprio,2003,100,9.701566464560054
Drama,Nolan,DiCaprio,Streep,1992,129,7.272389303788773
Action,Spielberg,DiCaprio,DiCaprio,2006,123,6.345871521554991
Drama,Spielberg,Streep,Hanks,1998,160,3.4405246410779373
Comedy,Cameron,Streep,Hanks,2017,86,6.75485233697513
Action,Tarantino,Cruise,Hanks,1987,145,2.474200204601707
Comedy,Tarantino,Hanks,Streep,2002,130,3.8631567431427642
Drama,Nolan,Streep,Cruise,2006,86,3.9318311581269905
Sci-Fi,Spielberg,Johansson,DiCaprio,2019,135,3.2068187939412542
Romance,Nolan,Cruise,Streep,1994,119,4.761585000267315
Romance,Cameron,DiCaprio,DiCaprio,2021,111,5.397459896312165
Sci-Fi,Cameron,Cruise,Hanks,2008,169,8.043946071042257
Action,Spielberg,DiCaprio,Johansson,2017,101,6.493299837972034
Romance,Nolan,Johansson,Johansson,1988,113,6.928145946474115
Comedy,Tarantino,Hanks,Hanks,2015,172,8.417482353346944
Drama,Cameron,Hanks,Streep,1980,142,5.124810238269802
Action,Cameron,DiCaprio,Cruise,2014,149,5.638158763520614
Comedy,Tarantino,Hanks,Hanks,1991,163,3.2239721374276793
Comedy,Wong,DiCaprio,Hanks,2010,119,1.5638866319182707
Action,Wong,Streep,Johansson,2004,120,8.46701638631723
Romance,Tarantino,Cruise,DiCaprio,1994,115,8.787291872566406
Drama,Wong,Johansson,Hanks,1992,155,4.958375456854183
Romance,Wong,Cruise,Hanks,2009,136,6.505659581898619
Sci-Fi,Spielberg,DiCaprio,Streep,2016,139,3.9359582992303133
Sci-Fi,Tarantino,Streep,Hanks,2000,156,4.635242528036802
Action,Tarantino,Hanks,Hanks,2005,157,1.0014832497704205
Action,Tarantino,Streep,Streep,2011,154,7.044510964828323
Comedy,Tarantino,Cruise,Hanks,1991,125,1.8198378235411812
Action,Nolan,Cruise,Hanks,1984,112,8.25113425248988
Drama,Cameron,Streep,Cruise,1989,170,7.03065704845134
Romance,Wong,Streep,Johansson,2021,102,7.6774010293764565
Action,Spielberg,Cruise,DiCaprio,2011,92,6.314916672340203
Action,Nolan,Streep,DiCaprio,1984,171,3.3881459241570786
Action,Tarantino,Streep,Cruise,2021,175,6.671449074471845
Romance,Tarantino,Cruise,DiCaprio,1993,175,2.8873630223075115
Action,Cameron,Cruise,DiCaprio,2017,83,1.4172786611958144
Comedy,Spielberg,Johansson,Hanks,1982,153,6.611134562666028
Comedy,Nolan,Streep,DiCaprio,1999,136,1.7667009899881472
Sci-Fi,Wong,Cruise,Cruise,2001,147,1.8094853057903584
Comedy,Wong,Hanks,Cruise,2008,104,3.293193083059483
Action,Tarantino,DiCaprio,Hanks,1993,124,5.022095665846997
Romance,Nolan,Streep,Streep,2023,179,5.206290237977311
Sci-Fi,Tarantino,Cruise,Cruise,1995,89,1.8583310368546049
Comedy,Cameron,Cruise,Cruise,2001,83,8.699220999677703
Drama,Tarantino,Hanks,Johansson,2009,113,4.204195447301613
Sci-Fi,Tarantino,Streep,Streep,1981,157,5.927027862064034
Romance,Nolan,Cruise,DiCaprio,1984,115,1.951188887534288
Comedy,Tarantino,Streep,Cruise,2015,84,7.3014269746786615
Sci-Fi,Wong,Johansson,Cruise,1986,161,3.478288242210438
Drama,Spielberg,Hanks,Hanks,2007,176,2.9039453698036968
Romance,Tarantino,Cruise,Streep,1989,94,6.8517396831907575
Comedy,Tarantino,Hanks,Johansson,1982,174,1.0660939626422716
Drama,Nolan,Johansson,DiCaprio,1985,126,6.9645726770397385
Comedy,Wong,Streep,DiCaprio,2022,145,6.77859800519925
Romance,Tarantino,Johansson,Johansson,2007,154,2.993068995814221
Romance,Wong,Hanks,DiCaprio,2004,127,5.957798127341139
Comedy,Nolan,Cruise,DiCaprio,2005,174,6.831913586133093
Comedy,Tarantino,Cruise,Streep,2016,132,2.005696693614096
Romance,Wong,Streep,Streep,1987,160,5.051451161015068
Action,Tarantino,Cruise,Cruise,1989,161,3.2270957668097333
Action,Spielberg,Streep,Cruise,2015,111,3.195679335329004
Romance,Tarantino,Hanks,Hanks,2021,113,3.5759768097522593
Comedy,Nolan,Hanks,Streep,2009,101,8.532231801505946
Drama,Spielberg,DiCaprio,Streep,1999,90,8.235089499234618
Comedy,Tarantino,DiCaprio,DiCaprio,1987,115,6.545069188448011
Action,Tarantino,DiCaprio,Cruise,1986,100,2.9719873995107484
Action,Tarantino,Hanks,DiCaprio,1998,139,9.225334127772879
Romance,Wong,Hanks,Hanks,2001,125,5.487770109268923
Sci-Fi,Cameron,Cruise,Johansson,2022,92,4.571361384585404
Romance,Wong,DiCaprio,Johansson,1987,86,2.339942391080055
Romance,Wong,Streep,Johansson,2004,153,3.1439901491248614
Romance,Tarantino,Streep,DiCaprio,1982,121,2.2995498024129266
Sci-Fi,Tarantino,Cruise,Johansson,1991,137,8.295580311474316
Action,Spielberg,DiCaprio,DiCaprio,2007,161,8.373905818469774
Drama,Tarantino,Hanks,Johansson,2022,86,4.102565137895549
Action,Tarantino,Streep,Streep,1994,150,4.754937385399863
Sci-Fi,Spielberg,Hanks,Cruise,1992,98,3.0922995238124495
Sci-Fi,Wong,Cruise,DiCaprio,2003,116,3.1618285313406798
Comedy,Tarantino,DiCaprio,Hanks,2015,158,4.961155551262321
Drama,Spielberg,Cruise,Hanks,1986,137,3.683445423910122
Action,Cameron,Hanks,Hanks,1991,138,1.4079176412648744
Drama,Tarantino,Johansson,DiCaprio,1983,113,1.7793355588340436
Drama,Spielberg,Cruise,Cruise,2003,136,7.64970399577955
Drama,Cameron,Streep,Streep,2017,177,7.6375357963834585
Sci-Fi,Cameron,Hanks,Cruise,2012,93,5.575606851688664
Romance,Tarantino,DiCaprio,Johansson,2014,151,5.362608202434422
Drama,Spielberg,DiCaprio,Johansson,2006,156,2.9907566156205894
Drama,Wong,Cruise,Cruise,1988,170,8.479442213824596
Drama,Spielberg,Johansson,Streep,1985,151,4.778451392363898
Romance,Wong,Johansson,Streep,2022,175,8.066313431509455
Romance,Spielberg,Johansson,Johansson,1989,165,8.556077380286489
Sci-Fi,Wong,DiCaprio,Hanks,1992,113,6.038499772617206
Sci-Fi,Wong,Johansson,Cruise,2003,101,8.680052895448958
Drama,Tarantino,Johansson,Johansson,2017,87,4.173935327678496
Romance,Wong,Johansson,Cruise,1997,175,7.3561062666388
Drama,Cameron,DiCaprio,Streep,1982,96,2.7193916772592903
Action,Cameron,DiCaprio,Streep,1981,146,3.63467827621308
Drama,Wong,Hanks,Streep,1993,164,1.6486425808790173
Comedy,Wong,Johansson,Johansson,2017,86,3.5547734437219387
Comedy,Cameron,Streep,Cruise,1992,158,1.1009081925192006
Drama,Tarantino,Hanks,Johansson,1985,150,5.588099878391791
Drama,Wong,Cruise,DiCaprio,1981,100,1.348357555183338
Drama,Spielberg,Johansson,Hanks,2019,167,2.232051943395977
Drama,Cameron,Hanks,Streep,1988,160,1.2154170217061389
Action,Spielberg,DiCaprio,Streep,2017,173,1.6631674760134063
Romance,Cameron,Streep,Hanks,1981,145,4.826834265986271
Romance,Tarantino,Johansson,DiCaprio,2002,137,1.8684984764306156
Comedy,Spielberg,Streep,Cruise,2001,90,2.669387600936104
Romance,Tarantino,Streep,Hanks,1998,178,5.410255156226176
Comedy,Nolan,Johansson,Cruise,2012,97,5.819954213898014
Sci-Fi,Spielberg,Streep,Hanks,2022,113,7.435985109420278
Romance,Cameron,Johansson,Cruise,1988,114,3.1146034780094096
Romance,Wong,Streep,Hanks,2005,111,4.0089709714199095
Romance,Spielberg,Johansson,Hanks,2009,147,6.252622793798304
Comedy,Nolan,Streep,Cruise,2005,164,4.842680580529818
Action,Nolan,Hanks,Cruise,2022,175,4.043686639740013
Romance,Nolan,DiCaprio,DiCaprio,2001,177,4.067819233582597
Romance,Nolan,Hanks,Hanks,1985,85,6.998346186016939
Sci-Fi,Tarantino,DiCaprio,Streep,1985,91,4.419768006279974
Sci-Fi,Spielberg,Hanks,DiCaprio,2010,112,9.028160887086976
Action,Tarantino,Cruise,Johansson,2002,158,2.4773254396409614
Action,Tarantino,Streep,Streep,1980,112,2.9036154613845286
Drama,Wong,DiCaprio,Streep,2019,167,7.418795075146377
Action,Cameron,Streep,Streep,2021,144,7.829183613025276
Sci-Fi,Wong,Johansson,Hanks,1986,94,2.2317105192163704
Comedy,Wong,Hanks,DiCaprio,1988,105,7.932437481657463
Comedy,Wong,Streep,Cruise,2023,178,5.070597019806093
Comedy,Nolan,Hanks,Hanks,1986,95,2.588945429451618
Romance,Nolan,Hanks,Johansson,2012,109,9.6305332888061
Comedy,Nolan,Hanks,Cruise,2021,94,8.092638422019917
Comedy,Tarantino,Cruise,DiCaprio,2021,95,9.475603198112776
Drama,Spielberg,Hanks,Streep,2007,174,9.78548847219599
Drama,Nolan,Cruise,DiCaprio,2013,126,9.57720056630966
Sci-Fi,Wong,Streep,Streep,2023,124,6.50122134400807
Sci-Fi,Cameron,Streep,Streep,2013,173,5.7923543600700915
Action,Nolan,Johansson,Cruise,1982,158,3.3832746843131654
Romance,Nolan,Hanks,DiCaprio,1981,135,2.516308942347213
Sci-Fi,Cameron,Johansson,DiCaprio,2012,107,7.406238293135211
Romance,Tarantino,Johansson,Johansson,2020,179,2.4698294799932494
Comedy,Wong,Streep,Cruise,2013,93,6.708702857597422
Romance,Spielberg,DiCaprio,DiCaprio,2018,131,7.682997868782254
Action,Tarantino,Streep,Streep,1982,133,3.4032409771061416
Romance,Cameron,Johansson,DiCaprio,1988,145,3.862290646751155
Sci-Fi,Tarantino,Streep,Cruise,2022,127,6.19725245143961
Sci-Fi,Tarantino,Streep,Streep,2017,83,4.099381995708063
Sci-Fi,Cameron,Cruise,Hanks,2003,150,9.389579764927001
Sci-Fi,Nolan,DiCaprio,DiCaprio,2001,112,5.1892135197989635
Drama,Nolan,Johansson,Streep,1986,144,1.3329367571658017
Action,Wong,Streep,Cruise,2020,108,4.172294452014166
Comedy,Tarantino,Cruise,Johansson,1990,83,9.87496073830042
Comedy,Tarantino,Cruise,Johansson,2013,126,6.904422423128096
Drama,Spielberg,DiCaprio,Cruise,1987,142,9.655347289527546
Romance,Cameron,Hanks,Johansson,1990,153,2.9734502649346712
Romance,Tarantino,Hanks,DiCaprio,2015,81,2.9227328681440534
Comedy,Cameron,DiCaprio,Johansson,1997,92,4.690322890998318
Romance,Cameron,Cruise,Johansson,2012,154,9.123046101559023
Sci-Fi,Tarantino,Cruise,Streep,1988,110,2.6967361115338244
Sci-Fi,Cameron,Johansson,DiCaprio,2007,128,6.809065648793785
Sci-Fi,Tarantino,DiCaprio,DiCaprio,1987,88,3.3449583192532666
Comedy,Cameron,Cruise,Cruise,1983,176,6.2229789134925575
Romance,Nolan,Hanks,DiCaprio,2022,163,9.868901824972873
Romance,Tarantino,Cruise,Streep,2006,119,3.4827864080667985
Action,Wong,Hanks,Johansson,1987,92,8.902820923070566
Comedy,Tarantino,Hanks,Streep,2002,167,1.455541374655776
Romance,Tarantino,Cruise,Streep,2011,84,4.633943686043113
Drama,Spielberg,DiCaprio,Streep,2007,87,2.640125819283673
Action,Wong,Streep,Hanks,2017,130,9.706503466208408
Drama,Spielberg,Johansson,Streep,1999,171,2.52585023967016
Action,Nolan,Streep,Hanks,1999,104,4.333559216301403
Drama,Wong,DiCaprio,Cruise,2009,122,3.156310352947126
Romance,Wong,Johansson,DiCaprio,2008,81,7.696135154556293
Romance,Cameron,Johansson,Streep,2007,94,6.353348574102522
Comedy,Nolan,Cruise,Cruise,1994,174,1.8235849439834073
Drama,Tarantino,DiCaprio,Streep,1993,135,8.215274944543836
Comedy,Wong,DiCaprio,DiCaprio,2008,95,9.795966620054475
Action,Spielberg,Streep,Johansson,1986,105,9.612806989376157
Romance,Wong,Cruise,DiCaprio,2012,107,4.9294319529947295
Romance,Wong,Cruise,DiCaprio,2016,129,5.7618951489782395
Comedy,Cameron,DiCaprio,DiCaprio,2001,92,7.058817812867235
Drama,Wong,DiCaprio,Cruise,1999,160,1.5148320818130014
Action,Spielberg,Cruise,Hanks,2006,116,8.187785826272204
Romance,Nolan,Hanks,Streep,1988,142,5.515270953048975
Drama,Spielberg,Streep,Cruise,2017,111,6.6565377893430195
Drama,Cameron,Streep,Hanks,2015,108,9.492599744535331
Comedy,Spielberg,Streep,Streep,1983,170,9.051867812786623
Comedy,Cameron,Hanks,Streep,1980,162,6.268783254726133
Comedy,Wong,Johansson,Hanks,1987,126,3.8344965157615953
Romance,Wong,Cruise,Johansson,1982,99,9.02072490372524
Romance,Nolan,Streep,Streep,1986,145,3.9107023898414983
Romance,Tarantino,Streep,DiCaprio,2012,136,4.451460976821198
Comedy,Wong,Cruise,Cruise,2019,93,6.070400573280535
Sci-Fi,Nolan,Hanks,Hanks,2008,94,4.376504312374163
Drama,Tarantino,Streep,Johansson,2016,103,2.3647256503441243
Romance,Wong,Johansson,Cruise,2009,93,1.3724656883173512
Comedy,Spielberg,Hanks,Hanks,1981,168,9.892937590041019
Action,Nolan,Johansson,Hanks,1991,103,5.919803721668945
Comedy,Spielberg,DiCaprio,Hanks,1988,84,2.2020180471650024
Drama,Wong,DiCaprio,Johansson,2010,98,2.4208183173733056
Comedy,Nolan,Cruise,Hanks,1998,122,5.270029071768122
Drama,Nolan,Johansson,DiCaprio,2021,180,1.869111242962877
Action,Wong,Cruise,Johansson,2015,162,1.032143077893235
Drama,Wong,Cruise,Cruise,1993,143,1.3283823335738951
Comedy,Tarantino,Hanks,Cruise,2003,140,6.695384942614609
Romance,Cameron,Hanks,DiCaprio,1992,127,5.598969322187716
Drama,Tarantino,Hanks,Cruise,2012,91,8.195956817541301
Romance,Tarantino,Cruise,Streep,1988,120,1.839776319847752
Sci-Fi,Nolan,Johansson,DiCaprio,2023,87,9.796813444433209
Drama,Nolan,Cruise,Johansson,2021,156,1.2923978876109514
Drama,Tarantino,DiCaprio,Cruise,2010,149,5.09364985076983
Romance,Tarantino,Hanks,Streep,2023,98,9.515079271057553
Comedy,Cameron,Streep,DiCaprio,2004,171,3.811577760453318
Comedy,Tarantino,Hanks,Johansson,2002,113,8.503689231453476
Romance,Tarantino,DiCaprio,Cruise,2020,137,6.446256834766814
Sci-Fi,Wong,Streep,Hanks,2012,143,6.4787148153196705
Comedy,Tarantino,Hanks,Streep,1990,152,6.241009982509476
Romance,Tarantino,Streep,Johansson,2004,170,9.086095777065637
Comedy,Spielberg,Hanks,DiCaprio,2021,159,7.446622137780999
Romance,Wong,Cruise,Hanks,2021,120,8.664653255738113
Comedy,Cameron,DiCaprio,Streep,2009,171,3.807502269022458
Action,Nolan,Streep,Streep,1987,169,7.317769269826976
Romance,Spielberg,DiCaprio,Streep,2009,122,9.584671394992432
Comedy,Nolan,DiCaprio,Hanks,2016,90,2.3246396786850343
Comedy,Tarantino,DiCaprio,DiCaprio,2022,150,7.428870956221618
Romance,Nolan,Johansson,DiCaprio,2017,142,1.2142681302597222
Comedy,Tarantino,DiCaprio,Streep,1992,166,2.54715420877056
Drama,Tarantino,DiCaprio,DiCaprio,2013,145,2.9654993827627414
Romance,Spielberg,Cruise,Hanks,1987,109,9.230002712742364
Comedy,Nolan,DiCaprio,Hanks,1997,86,4.475390487900352
Comedy,Tarantino,Cruise,Streep,2022,85,7.632373150928255
Drama,Spielberg,DiCaprio,Cruise,1991,168,7.575508957504139
Romance,Spielberg,Johansson,Streep,1983,156,1.3270665354848517
Action,Spielberg,Cruise,Cruise,2000,121,7.269023967631648
Comedy,Cameron,DiCaprio,Johansson,1986,129,2.809721873017824
Sci-Fi,Spielberg,Johansson,Cruise,1988,122,1.2603554514732098
Drama,Nolan,Hanks,Streep,1999,133,7.29821974710182
Sci-Fi,Spielberg,Cruise,Streep,2007,131,2.554153221562998
Action,Nolan,Cruise,Hanks,1983,162,9.60390815241973
Romance,Wong,Streep,Streep,2000,147,4.013293882033965
Sci-Fi,Spielberg,Cruise,DiCaprio,2010,93,4.609942601050163
Drama,Cameron,DiCaprio,Hanks,1990,92,4.671495739550941
Drama,Cameron,Johansson,Hanks,2022,115,3.943869658577966
Sci-Fi,Spielberg,DiCaprio,Hanks,1999,85,1.3359814528872833
Drama,Tarantino,Hanks,Hanks,2003,102,5.649373382492088
Action,Wong,Streep,Johansson,1993,119,1.7903238254128762
Romance,Spielberg,Streep,Johansson,1996,94,8.653133830587706
Sci-Fi,Tarantino,DiCaprio,DiCaprio,2000,121,1.6799289712444412
Action,Wong,Johansson,Streep,1999,135,9.949202458366136
Sci-Fi,Cameron,DiCaprio,DiCaprio,2015,172,1.0797145750952581
Sci-Fi,Spielberg,DiCaprio,Cruise,2011,168,1.1885215322883482
Comedy,Nolan,Hanks,Cruise,2022,160,5.038034321929132
Action,Spielberg,Hanks,Johansson,2023,91,5.145774012733929
Action,Cameron,Streep,Hanks,2007,130,1.2605629613810336
Drama,Nolan,DiCaprio,Johansson,1998,150,1.8182976061470772
Comedy,Cameron,Johansson,Cruise,1987,96,5.943071133954108
Romance,Wong,Johansson,DiCaprio,2021,80,4.576454143173741
Romance,Nolan,Hanks,Cruise,2003,135,2.8701450571070035
Sci-Fi,Spielberg,DiCaprio,DiCaprio,2022,167,6.284512983242799
Action,Cameron,Hanks,Johansson,1980,130,1.1132125186345492
Action,Wong,Cruise,Hanks,2018,148,5.214557842152859
Comedy,Wong,Streep,Johansson,1980,153,8.848286063377191
Sci-Fi,Nolan,Johansson,DiCaprio,1981,100,7.028232989639317
Sci-Fi,Spielberg,Streep,Hanks,1991,103,9.056556474944081
Romance,Cameron,Cruise,DiCaprio,2012,104,1.1371241676506885
Romance,Spielberg,Johansson,Cruise,1992,164,2.313962595777279
Romance,Nolan,Johansson,Hanks,1988,122,4.846197703349304
Sci-Fi,Nolan,Streep,DiCaprio,1991,113,6.081919659711187
Romance,Cameron,Johansson,Cruise,2011,110,8.876128641294988
Comedy,Wong,Hanks,Johansson,1989,177,2.440276241606221
Sci-Fi,Spielberg,Cruise,Streep,1998,105,9.780939201137878
Drama,Nolan,Johansson,Cruise,2002,119,8.856232535848466
Romance,Tarantino,Johansson,Hanks,1986,81,8.10555948086282
Comedy,Tarantino,DiCaprio,Cruise,2023,124,1.3685512092467351
Sci-Fi,Tarantino,Cruise,Cruise,1985,162,8.555505527063366
Romance,Nolan,Hanks,Streep,2012,99,9.801097635501048
Comedy,Cameron,Cruise,Streep,1997,99,4.88801520556871
Action,Nolan,Cruise,DiCaprio,1985,158,3.2323395281863343
Drama,Tarantino,DiCaprio,Cruise,2010,129,4.210617715562492
Sci-Fi,Wong,Hanks,Cruise,2011,92,8.077978763558129
Romance,Nolan,DiCaprio,DiCaprio,2000,94,9.33791739897559
Sci-Fi,Tarantino,Hanks,Johansson,1983,151,6.326962170738803
Romance,Cameron,Johansson,DiCaprio,1997,98,8.763195448781337
Drama,Wong,Cruise,DiCaprio,1997,102,4.917104969114627
Sci-Fi,Tarantino,Cruise,Hanks,2010,122,9.001532265351237
Sci-Fi,Wong,DiCaprio,Cruise,1991,128,6.7944748414450515
Action,Cameron,Hanks,Cruise,2005,132,5.713829413694775
Comedy,Spielberg,DiCaprio,Hanks,1993,97,2.968845445685974
Action,Cameron,Hanks,DiCaprio,2012,162,1.0323325232964677
Drama,Tarantino,Hanks,Cruise,1986,114,1.0690997848468409
Drama,Nolan,DiCaprio,Streep,1997,116,6.174178276673801
Romance,Cameron,Streep,DiCaprio,1980,150,6.030311502594418
Sci-Fi,Tarantino,Streep,Hanks,1993,178,3.9603931415766045
Action,Cameron,Cruise,Cruise,1980,156,9.18462076952546
Comedy,Wong,Johansson,DiCaprio,2009,177,6.597041540483599
Sci-Fi,Cameron,Streep,Hanks,1992,114,1.8744056149305994
Drama,Cameron,Hanks,Johansson,1985,168,7.365512077506602
Romance,Spielberg,Streep,DiCaprio,1997,160,8.137418199295944
Action,Spielberg,Hanks,Hanks,1980,124,7.871998208877377
Action,Tarantino,DiCaprio,DiCaprio,1993,163,2.4523163676238484
Sci-Fi,Wong,DiCaprio,Hanks,2009,159,3.122397636828712
Sci-Fi,Tarantino,Cruise,Hanks,2001,87,9.512824864263221
Sci-Fi,Nolan,Hanks,Cruise,1998,149,4.635771363917472
Action,Spielberg,Johansson,DiCaprio,2002,161,5.449120443324964
Drama,Wong,Hanks,Cruise,2012,161,5.258495390291609
Drama,Wong,Hanks,Cruise,1993,171,2.769388931077928
Sci-Fi,Wong,Streep,Cruise,2012,145,6.364024754286414
Action,Nolan,Cruise,DiCaprio,2017,131,2.921995958325871
Comedy,Cameron,Johansson,DiCaprio,2017,107,2.6992027581181435
Sci-Fi,Tarantino,Streep,Cruise,1995,131,1.3927267773815348
Drama,Spielberg,Hanks,Johansson,1982,169,5.190421706506525
Drama,Nolan,Johansson,Streep,1999,102,5.795831131105595
Drama,Spielberg,Cruise,Johansson,2010,117,9.57007352064164
Comedy,Nolan,Streep,Streep,2006,97,5.5648045443821035
Sci-Fi,Wong,Johansson,Streep,2004,176,9.504950190390378
Romance,Cameron,Hanks,Hanks,2008,178,1.9027513061595074
Comedy,Nolan,DiCaprio,Streep,2006,84,7.261675135273044
Comedy,Wong,DiCaprio,DiCaprio,1986,114,6.868976753756164
Action,Nolan,Streep,Streep,1980,138,6.192885979648267
Drama,Nolan,Hanks,DiCaprio,2019,95,7.818421622705003
Sci-Fi,Tarantino,Streep,Cruise,1989,160,7.558576577738847
Comedy,Tarantino,Hanks,DiCaprio,2022,85,1.0993783107255852
Drama,Wong,Johansson,Johansson,1981,115,9.378284424234314
Romance,Cameron,Streep,Cruise,2013,145,9.601981160507302
Action,Wong,Cruise,Streep,1990,178,3.4974996158584033
Sci-Fi,Tarantino,Cruise,Cruise,2012,112,2.877371715888353
Drama,Cameron,Hanks,Johansson,2012,96,9.031420475709655
Sci-Fi,Cameron,Streep,Hanks,2010,165,5.218848533842301
Romance,Nolan,Cruise,DiCaprio,1996,96,2.0043482573426106
Action,Spielberg,Streep,Cruise,1984,126,2.764847884785354
Romance,Nolan,Johansson,Streep,1988,133,8.209942915426897
Drama,Wong,Streep,Streep,2004,169,3.2849992488069018
Action,Tarantino,Johansson,Streep,2005,105,9.806817678347029
Drama,Tarantino,Streep,Hanks,1993,124,4.538222901447554
Action,Spielberg,Johansson,Streep,1994,136,6.820510198079818
Sci-Fi,Spielberg,Johansson,Johansson,1980,122,1.6649970701277983
Action,Cameron,Johansson,Johansson,2018,180,5.239876950784333
Sci-Fi,Nolan,Streep,Hanks,2008,155,2.586572400067462
Romance,Tarantino,Hanks,Cruise,2007,162,2.7753509763355004
Drama,Spielberg,Cruise,Streep,2020,98,3.6230471596740026
Comedy,Nolan,Streep,Johansson,1998,98,8.16399172086437
Comedy,Wong,DiCaprio,DiCaprio,1996,115,6.9618118703331415
Drama,Cameron,Streep,Hanks,1982,166,9.430015733756337
Comedy,Wong,Johansson,Cruise,1981,111,6.857637003120103
Romance,Cameron,DiCaprio,DiCaprio,2001,145,1.035039094306914
Drama,Wong,Johansson,DiCaprio,2018,103,8.406275111142662
Comedy,Spielberg,Hanks,Johansson,2019,128,9.483683946135507
Action,Wong,Cruise,Hanks,2002,160,4.332389581375633
Sci-Fi,Nolan,Johansson,DiCaprio,2009,144,3.059506076363019
Sci-Fi,Tarantino,DiCaprio,DiCaprio,1993,153,5.1123174038117565
Comedy,Cameron,Cruise,DiCaprio,2010,170,5.9011120018686976
Drama,Nolan,Streep,Streep,1984,113,7.890824296961507
Action,Spielberg,Cruise,Johansson,2011,97,5.879028860068524
Sci-Fi,Tarantino,Hanks,Streep,2015,83,5.276968829567775
Sci-Fi,Wong,Cruise,Streep,2003,133,7.327559132560457
Drama,Nolan,Johansson,Streep,1990,122,7.061125582979178
Comedy,Wong,DiCaprio,DiCaprio,2022,152,3.6886797062066274
Romance,Spielberg,DiCaprio,Johansson,1984,87,1.0835388987215282
Comedy,Nolan,Johansson,Streep,2005,84,2.532184973327024
Romance,Tarantino,Streep,Hanks,2009,83,7.864727972762854
Action,Wong,Hanks,Streep,2004,103,7.438031075472724
Comedy,Wong,DiCaprio,Cruise,2018,173,2.3877565830367034
Comedy,Spielberg,Streep,Streep,2011,139,6.499611926435967
Action,Cameron,Cruise,Streep,1998,155,4.9482499306274565
Sci-Fi,Cameron,Hanks,Johansson,1983,102,3.471209171790954
Drama,Cameron,Streep,Cruise,2008,85,8.109641999502315
Comedy,Cameron,Hanks,Cruise,1992,169,3.8154445382555346
Sci-Fi,Wong,Hanks,Hanks,2018,144,3.9356117643971196
Romance,Nolan,Streep,Cruise,1998,164,7.978402695124895
Comedy,Wong,DiCaprio,Johansson,1998,127,3.799928827329485
Sci-Fi,Spielberg,Hanks,Cruise,1992,164,1.1767178525817374
Romance,Cameron,Cruise,Hanks,2003,123,3.642894691398417
Drama,Wong,Johansson,Hanks,2018,177,1.8069920299783475
Comedy,Cameron,Johansson,Hanks,2001,99,6.167364737162388
Action,Wong,DiCaprio,Johansson,1980,104,7.287639146338779
Comedy,Spielberg,DiCaprio,DiCaprio,1984,121,4.754226379143653
Drama,Nolan,Hanks,Hanks,2020,101,2.371924861212056
Romance,Wong,Johansson,DiCaprio,2012,133,2.2443643061434715
Drama,Cameron,DiCaprio,DiCaprio,1987,82,8.72574389315748
Action,Tarantino,Cruise,Hanks,2021,123,8.210639001805848
Comedy,Wong,DiCaprio,Johansson,1988,119,1.4887243009350084
Drama,Tarantino,Streep,Johansson,2017,93,3.634013368880897
Action,Tarantino,Hanks,DiCaprio,2011,179,5.754624278381788
Action,Spielberg,Johansson,Hanks,2023,108,6.797760946687739
Sci-Fi,Cameron,Streep,Johansson,1995,177,9.909683180438943
Action,Tarantino,Johansson,Johansson,2010,137,9.794452090343466
Drama,Cameron,DiCaprio,Cruise,2019,171,6.599102465731061
Romance,Spielberg,Hanks,Streep,1992,91,5.223876458478872
Sci-Fi,Spielberg,Johansson,DiCaprio,1991,174,5.369531777853343
Romance,Cameron,Streep,Johansson,1994,110,1.2392224511825662
Action,Tarantino,Streep,Cruise,2014,167,6.457427780998472
Sci-Fi,Cameron,Johansson,Cruise,2016,90,7.69230112878962
Romance,Tarantino,Hanks,Streep,1986,168,7.613453102118058
Comedy,Spielberg,Cruise,Johansson,1986,140,8.67852856348523
Sci-Fi,Spielberg,Johansson,DiCaprio,2000,148,7.14053054173074
Comedy,Tarantino,Streep,Johansson,1980,82,6.686224034623668
Drama,Spielberg,Cruise,Cruise,1981,84,8.639017337763539
Action,Wong,DiCaprio,Johansson,1993,130,5.720657099873159
Drama,Nolan,Cruise,Hanks,1998,146,1.3682302915040943
Romance,Tarantino,Streep,Streep,2002,162,6.32651030115629
Romance,Cameron,Streep,Cruise,1991,139,7.842473358492295
Action,Spielberg,Cruise,DiCaprio,1990,176,5.313096203998722
Romance,Cameron,Streep,Cruise,2001,163,1.1346273088617314
Romance,Wong,Hanks,DiCaprio,1994,172,3.1679058303248757
Romance,Wong,Hanks,Cruise,1990,145,5.118753051884354
Drama,Spielberg,Cruise,Hanks,2004,172,6.425460455641998
Romance,Nolan,Johansson,Cruise,1999,112,7.589756865377645
Action,Spielberg,Cruise,Streep,2013,144,7.38300619487723
Drama,Wong,Cruise,DiCaprio,2013,172,5.975870594532817
Drama,Tarantino,Hanks,Streep,2011,97,1.2008439390745373
Drama,Nolan,Cruise,Johansson,1987,170,2.314437131017695
Drama,Cameron,Johansson,Johansson,2000,81,2.316292642982469
Comedy,Cameron,Johansson,Cruise,2021,118,4.325438422573701
Drama,Spielberg,Streep,Hanks,2017,133,3.23977458775067
Action,Cameron,Hanks,Johansson,2012,124,4.840616420564194
Drama,Spielberg,Johansson,Cruise,2014,85,4.023793396784803
Comedy,Wong,Streep,Johansson,2004,86,4.3213616849442955
Sci-Fi,Spielberg,DiCaprio,Streep,2019,128,8.591910605626872
Romance,Cameron,Hanks,Johansson,1988,82,5.038296708772291
Drama,Spielberg,DiCaprio,Streep,1994,109,8.992122308037121
Action,Nolan,DiCaprio,Johansson,2010,173,2.6308345427100503
Comedy,Spielberg,Hanks,DiCaprio,1985,133,6.429577954580352
Comedy,Spielberg,Cruise,DiCaprio,2007,80,6.3403476763351385
Action,Tarantino,Streep,Hanks,2011,96,5.257393423383062
Comedy,Wong,Streep,Johansson,1994,118,8.942871478228756
Drama,Wong,Hanks,Johansson,2006,131,5.4516950119263585
Action,Wong,Streep,Streep,1989,90,2.1915041618851587
Romance,Nolan,Streep,Johansson,1996,163,7.500280775409098
Action,Wong,Hanks,Streep,1991,134,7.008600950719819
Action,Spielberg,DiCaprio,Cruise,2022,117,8.190973503800803
Romance,Spielberg,Johansson,Streep,2013,98,5.35633839445053
Action,Wong,Hanks,Hanks,2000,120,5.242609695420773
Drama,Tarantino,Streep,Hanks,2009,96,3.973477815932996
Action,Cameron,Johansson,Cruise,2013,116,4.791963840077754
Action,Spielberg,DiCaprio,Streep,1993,174,4.802026613191043
Comedy,Wong,DiCaprio,Hanks,2010,101,1.1047917991998992
Sci-Fi,Tarantino,Hanks,DiCaprio,1994,104,1.2880205338662976
Comedy,Nolan,Johansson,Streep,2023,142,3.0370495402524718
Drama,Nolan,Johansson,Hanks,1984,89,8.365759775534496
Comedy,Spielberg,Streep,Cruise,1981,159,2.464397812109832
Drama,Wong,Streep,Streep,1998,156,4.356675620905124
Action,Spielberg,DiCaprio,Cruise,2011,128,2.7794334424966722
Sci-Fi,Cameron,Streep,Johansson,1995,96,3.648688654098036
Action,Spielberg,DiCaprio,DiCaprio,1989,104,9.033138913190212
Comedy,Cameron,Johansson,Streep,1995,111,8.175375818034304
Drama,Nolan,Cruise,Streep,2016,118,1.370246632225721
Comedy,Tarantino,Johansson,Johansson,1999,92,6.863491053786977
Drama,Nolan,Cruise,Johansson,1993,143,8.492431823435263
Drama,Spielberg,Streep,DiCaprio,1982,131,4.753953628513922
Romance,Wong,Hanks,Cruise,2002,80,8.447182012949714
Romance,Cameron,Cruise,Cruise,2007,105,9.895855919757679
Sci-Fi,Spielberg,Cruise,Hanks,2004,87,1.8621095720818506
Action,Spielberg,Cruise,Streep,2007,154,6.395638002810476
Comedy,Nolan,Streep,Hanks,1983,169,2.7817250838976997
Action,Wong,Streep,Streep,1997,121,9.127512605667327
Sci-Fi,Spielberg,Hanks,Hanks,2003,132,6.364871686157251
Sci-Fi,Nolan,Johansson,Streep,2014,83,9.402914691056177
Action,Nolan,Johansson,Hanks,1992,174,2.9878013596175945
Comedy,Wong,Streep,Hanks,1997,166,9.188162546674091
Action,Spielberg,DiCaprio,Johansson,1998,135,2.610050734601434
Drama,Cameron,Cruise,Cruise,2003,99,8.59524025625499
Action,Nolan,Streep,Hanks,1998,93,8.392554387088826
Action,Cameron,Streep,Streep,1980,169,6.864615656035402
Comedy,Cameron,DiCaprio,Johansson,1990,94,9.2994156276973
Sci-Fi,Cameron,Streep,Cruise,1993,115,2.7140803266134244
Romance,Cameron,Streep,DiCaprio,2001,87,1.6279140385155069
Sci-Fi,Nolan,Streep,DiCaprio,2002,166,6.644858039137339
Comedy,Tarantino,Cruise,DiCaprio,2003,172,8.689176584286923
Drama,Tarantino,DiCaprio,Johansson,1989,108,5.25695507013251
Sci-Fi,Cameron,Johansson,Streep,2013,161,2.0588387867190714
Action,Nolan,Hanks,Streep,1982,150,9.377182033068403
Action,Wong,Hanks,DiCaprio,2002,116,1.8250453883233149
Drama,Tarantino,Johansson,Johansson,1994,143,3.4763122624998184
Sci-Fi,Cameron,Streep,Hanks,1997,84,1.9572944811201203
Drama,Tarantino,DiCaprio,DiCaprio,2017,173,9.14455673233994
Sci-Fi,Wong,DiCaprio,Johansson,2021,102,7.5745158343188566
Romance,Spielberg,Cruise,Hanks,1999,135,1.5495011194314083
Comedy,Spielberg,Cruise,Johansson,1992,102,6.5087227610110014
Romance,Cameron,DiCaprio,Hanks,2002,93,9.62069683224508
Action,Nolan,Johansson,DiCaprio,2018,105,3.931098023495035
Comedy,Spielberg,DiCaprio,Hanks,2001,145,4.3556055527733974
Sci-Fi,Tarantino,Cruise,Cruise,2021,132,4.115837481074967
Romance,Nolan,Cruise,Cruise,2010,125,7.549130204506788
Sci-Fi,Cameron,Hanks,DiCaprio,2015,155,4.697617847231706
Drama,Cameron,Streep,Cruise,2010,135,2.1420459515331203
Action,Tarantino,Hanks,Johansson,2011,169,7.096354444300234
Comedy,Tarantino,Cruise,DiCaprio,2001,177,7.3715182955826375
Drama,Spielberg,Johansson,Cruise,2012,111,6.270564066621777
Comedy,Spielberg,Cruise,Streep,2005,139,3.180402304030427
Drama,Cameron,Cruise,Streep,2015,142,6.5769729906998675
Comedy,Wong,Cruise,DiCaprio,2002,175,9.2044298173923
Romance,Spielberg,Cruise,DiCaprio,2008,103,2.104889387493442
Comedy,Cameron,Streep,Cruise,1988,92,7.650103401312208
Romance,Spielberg,Johansson,Johansson,2010,136,8.624434823893449
Sci-Fi,Cameron,DiCaprio,Streep,1988,119,5.396815370616773
Drama,Cameron,Streep,Johansson,2014,98,8.783499266392962
Drama,Cameron,Cruise,Hanks,1982,143,8.093496492267906
Comedy,Cameron,Cruise,Hanks,1998,111,8.584366486278705
Comedy,Nolan,Johansson,Streep,1998,102,7.870159259234634
Action,Tarantino,Streep,Johansson,2002,165,4.777620273367997
Romance,Tarantino,DiCaprio,Hanks,2018,175,9.87546576016057
Sci-Fi,Tarantino,DiCaprio,Hanks,1984,143,8.727856275639684
Sci-Fi,Cameron,Johansson,Johansson,2022,112,8.977755946308122
Drama,Tarantino,DiCaprio,DiCaprio,1984,113,2.4945282325349636
Romance,Spielberg,DiCaprio,Hanks,1995,175,5.983344513234612
Action,Tarantino,Streep,Johansson,1997,172,7.418878740103623
Comedy,Cameron,DiCaprio,Streep,2009,115,7.509619022815466
Romance,Wong,Cruise,Johansson,1989,157,2.7953403534598804
Romance,Tarantino,DiCaprio,Cruise,2014,120,8.316990563557345
Drama,Spielberg,Cruise,Johansson,2018,112,5.67836638331451
Action,Tarantino,Streep,Hanks,2014,132,2.927547090090018
Action,Cameron,Hanks,Hanks,2000,151,1.8503358511851236
Action,Tarantino,Johansson,Cruise,2000,179,6.963881958088107
Sci-Fi,Tarantino,DiCaprio,DiCaprio,2019,97,2.331782067017493
Comedy,Cameron,DiCaprio,Hanks,1989,144,1.778269646581794
Sci-Fi,Tarantino,Streep,Streep,2002,93,9.869615618110615
Action,Tarantino,Cruise,Hanks,2019,142,7.734345588510182
Drama,Tarantino,Hanks,Streep,2003,90,5.890146066163468
Romance,Cameron,Cruise,Streep,2013,89,4.22472118177714
Action,Wong,Cruise,Cruise,2007,144,4.651028952694898
Romance,Spielberg,Johansson,Hanks,2001,102,6.248374399677171
Action,Nolan,Cruise,Hanks,2023,82,6.309498959172598
Action,Spielberg,Johansson,DiCaprio,2014,120,5.459831271239724
Sci-Fi,Wong,Streep,Streep,1982,94,9.546290893367843
Action,Tarantino,Cruise,Johansson,1987,130,9.979272703084655
Comedy,Nolan,DiCaprio,Streep,1999,175,1.6696954768601233
Drama,Tarantino,Streep,DiCaprio,2009,132,4.825603365860141
Comedy,Tarantino,Streep,Johansson,2009,147,9.136186790462247
Drama,Wong,Streep,Johansson,2001,96,1.7171007300236543
Sci-Fi,Spielberg,DiCaprio,DiCaprio,2023,132,3.023379214870305
Comedy,Cameron,Streep,Cruise,1982,175,6.0387518431405285
Comedy,Cameron,DiCaprio,Johansson,1983,166,8.398274700926324
Action,Wong,Johansson,Cruise,1988,155,9.90564326619773
Drama,Tarantino,Cruise,Hanks,2009,112,6.299461992493135
Comedy,Wong,Johansson,Hanks,2017,120,4.11356225469581
Sci-Fi,Spielberg,DiCaprio,Hanks,1994,156,6.287071796107032
Sci-Fi,Spielberg,Hanks,Hanks,2016,150,1.3254561605354787
Drama,Spielberg,Johansson,DiCaprio,2002,92,4.767024719557142
Comedy,Spielberg,Streep,Hanks,2006,123,2.2645587152824898
Comedy,Spielberg,Hanks,DiCaprio,1982,128,9.19828509858076
Comedy,Tarantino,Cruise,Hanks,2020,116,4.776439843490493
Comedy,Tarantino,Cruise,Johansson,1996,106,9.571288655757012
Romance,Spielberg,DiCaprio,Johansson,2006,87,1.5560451284349215
Sci-Fi,Tarantino,Hanks,Johansson,1991,138,1.4467990802044546
Romance,Nolan,Cruise,Hanks,1991,138,8.584203638547592
Comedy,Wong,Hanks,DiCaprio,1995,121,6.962573462303452
Comedy,Spielberg,Hanks,Hanks,2011,134,6.738476559427036
Sci-Fi,Tarantino,DiCaprio,Streep,2009,176,8.923613897723218
Romance,Nolan,DiCaprio,Streep,2018,172,2.7316830648491983
Action,Spielberg,Streep,Streep,1985,92,2.187406369836764
Sci-Fi,Nolan,Hanks,DiCaprio,1989,99,5.860083570465902
Comedy,Spielberg,Johansson,Streep,1996,169,1.0836353240791818
Comedy,Tarantino,Johansson,Cruise,2013,92,4.268788431165703
Drama,Nolan,Streep,Cruise,2006,143,1.893105827746535
Romance,Cameron,Cruise,Streep,2004,177,7.875412170876803
Comedy,Spielberg,Hanks,Cruise,1998,126,8.61505469758712
Action,Tarantino,Johansson,Johansson,2004,107,9.737672875250237
Action,Tarantino,Cruise,Johansson,2016,159,3.1445579165019426
Sci-Fi,Nolan,Cruise,Cruise,2008,177,2.120396634899956
Romance,Tarantino,Cruise,Hanks,2004,132,7.789629206469753
Comedy,Nolan,DiCaprio,DiCaprio,1996,104,5.788165012486724
Romance,Wong,Cruise,Hanks,1980,158,8.015438917346874
Drama,Tarantino,Streep,DiCaprio,1998,104,2.064041158261311
Drama,Nolan,Cruise,DiCaprio,1991,139,3.6420658769203977
Drama,Wong,Streep,Johansson,1989,85,7.196366189743606
Drama,Nolan,Cruise,Streep,2005,162,4.634569948098411
Drama,Nolan,Cruise,Hanks,2008,95,8.980025212395848
Comedy,Wong,Johansson,DiCaprio,1984,105,2.8035820943677114
Romance,Wong,DiCaprio,Johansson,2020,99,1.2255337853258963
Comedy,Spielberg,DiCaprio,Cruise,1992,123,5.860336189827538
Comedy,Tarantino,DiCaprio,Johansson,2014,140,6.378504544458184
Romance,Cameron,Cruise,Streep,2020,105,4.192511839326521
Romance,Spielberg,DiCaprio,DiCaprio,1980,128,6.472098167167053
Drama,Tarantino,Streep,Johansson,2014,150,8.021133430516466
Action,Nolan,Johansson,Hanks,1994,94,9.529968014920419
Romance,Cameron,Johansson,Hanks,1988,179,2.2147220765645934
Drama,Cameron,Streep,DiCaprio,1984,172,2.0001516453750456
Romance,Spielberg,Hanks,Hanks,2002,112,6.030066070857482
Action,Nolan,Johansson,Hanks,1992,86,3.4446557826068034
Drama,Spielberg,DiCaprio,Johansson,1992,128,9.64302106949042
Action,Cameron,Cruise,Hanks,2006,179,3.5100233500481135
Action,Wong,Streep,Hanks,1985,105,8.916359187226261
Romance,Spielberg,Johansson,Hanks,2017,179,3.3149854566615327
Comedy,Tarantino,DiCaprio,Hanks,1981,157,2.28060178088258
Action,Tarantino,Cruise,Streep,1991,87,2.8217414247545913
Action,Spielberg,Streep,Johansson,2014,151,9.283897976617377
Drama,Wong,Streep,Johansson,2018,109,8.023233700733828
Drama,Wong,Johansson,DiCaprio,2009,101,3.633719963387356
Sci-Fi,Wong,Streep,Hanks,1999,149,1.8291380540006266
Comedy,Nolan,Johansson,Cruise,1991,85,1.4422392655525758
Comedy,Wong,Cruise,DiCaprio,2013,134,4.12617850000631
Drama,Spielberg,Johansson,Hanks,2015,135,3.973270441682411
Drama,Cameron,Hanks,Johansson,2006,118,6.329969823454211
Drama,Spielberg,Johansson,Streep,1988,106,2.760495012044383
Comedy,Tarantino,Hanks,Hanks,2007,154,6.125558145196224
Sci-Fi,Spielberg,DiCaprio,Cruise,2008,87,8.781978050010977
Sci-Fi,Nolan,DiCaprio,Cruise,1984,150,5.548099585538944
Action,Tarantino,Hanks,Streep,2020,175,8.191411458034985
Romance,Spielberg,Cruise,Hanks,2017,150,2.1743112561624685
Romance,Tarantino,Johansson,Hanks,1997,147,4.106972334582515
Sci-Fi,Spielberg,Johansson,Cruise,1982,96,1.9784926356399677
Comedy,Spielberg,Johansson,DiCaprio,2006,177,4.479677162067091
Drama,Spielberg,Streep,Hanks,2015,142,8.602848814415093
Comedy,Spielberg,Cruise,Cruise,1991,131,2.077418795564115
Comedy,Tarantino,Streep,Streep,1994,174,8.258465931824514
Drama,Spielberg,DiCaprio,DiCaprio,1996,163,4.773130565920556
Romance,Spielberg,Johansson,Hanks,1983,80,3.99278545327466
Drama,Nolan,DiCaprio,Cruise,1980,179,6.566087902192979
Sci-Fi,Nolan,DiCaprio,Hanks,1997,123,4.979498403750657
Sci-Fi,Nolan,DiCaprio,Streep,1988,108,3.947934633705696
Action,Wong,Johansson,DiCaprio,1999,95,4.604793009145085
Action,Wong,Johansson,DiCaprio,1990,153,8.07490821504949
Action,Spielberg,Streep,Cruise,2010,168,1.2447975297924776
Sci-Fi,Cameron,Hanks,Johansson,2009,106,8.006238021678971
Romance,Wong,Cruise,Johansson,2008,140,4.675185095241276
Drama,Spielberg,Hanks,Streep,2021,88,5.373469970337845
Comedy,Wong,Streep,Johansson,1984,170,8.649236730856122
Romance,Wong,Cruise,Streep,2005,160,9.997000276304075
Drama,Nolan,Streep,DiCaprio,2013,145,2.6386602363755958
Romance,Spielberg,Streep,Streep,2004,157,7.779808884788991
Action,Tarantino,Streep,DiCaprio,2013,166,2.6119064885070777
Action,Cameron,DiCaprio,DiCaprio,2003,104,9.132987945890536
Comedy,Tarantino,Cruise,Cruise,1987,95,9.942803834712493
Comedy,Cameron,DiCaprio,Hanks,1996,124,3.965897662290627
Sci-Fi,Spielberg,Johansson,Hanks,1994,117,1.8603938046355548
Sci-Fi,Cameron,Johansson,Streep,1986,155,8.080154048388088
Sci-Fi,Wong,Cruise,Johansson,1982,151,1.5590429276065216
Drama,Tarantino,Cruise,Cruise,1986,145,3.9095206015240067
Romance,Tarantino,Streep,DiCaprio,1992,172,2.5166434162159748
Comedy,Cameron,Hanks,Streep,2013,144,5.498511582866827
Action,Tarantino,Cruise,DiCaprio,1993,96,1.9218344411201416
Sci-Fi,Tarantino,Hanks,Streep,2005,169,5.912406582333016
Sci-Fi,Tarantino,Hanks,Johansson,1992,110,2.6922002685034014
Drama,Nolan,DiCaprio,DiCaprio,2005,162,9.83338849435679
Romance,Wong,Johansson,Cruise,2014,178,8.15872031921502
Action,Tarantino,Hanks,DiCaprio,1984,107,2.5097283653978826
Comedy,Spielberg,Hanks,Streep,2005,129,5.050110634409026
Comedy,Spielberg,Hanks,Hanks,1992,115,2.1751002663765275
Romance,Cameron,Johansson,Cruise,2006,157,4.025454056268715
Action,Tarantino,Streep,DiCaprio,2023,91,1.832157560454906
Drama,Spielberg,Johansson,Hanks,1991,143,1.3564634832496818
Sci-Fi,Spielberg,DiCaprio,Hanks,2008,149,7.14608658686092
Action,Wong,Streep,Hanks,1986,121,1.065475250773892
Sci-Fi,Nolan,DiCaprio,Johansson,1992,153,9.357449187208601
Sci-Fi,Nolan,Hanks,DiCaprio,1981,82,8.260225838156455
Action,Wong,Hanks,Johansson,1989,135,7.811222297707111
Romance,Spielberg,Cruise,Cruise,2005,100,4.577271300013289
Comedy,Spielberg,DiCaprio,Hanks,1997,164,1.7457195623744874
Comedy,Wong,Johansson,Streep,1995,86,8.476109636786997
Action,Tarantino,Streep,DiCaprio,2001,162,8.102031056696656
Drama,Spielberg,Johansson,Streep,2011,162,5.331168199436061
Action,Wong,Streep,Johansson,2013,96,5.6711585413958785
Sci-Fi,Spielberg,Hanks,Hanks,1985,104,9.890288005535814
Romance,Cameron,Streep,Streep,1981,165,1.0672609648916456
Action,Nolan,Cruise,Hanks,1993,166,2.0488965249796176
Action,Spielberg,Cruise,DiCaprio,1980,173,6.085312261170836
Romance,Tarantino,DiCaprio,Hanks,1997,94,1.0859659891967441
Comedy,Cameron,Cruise,Streep,2003,171,1.8446150318140782
Drama,Wong,DiCaprio,DiCaprio,2000,138,3.6184439146443634
Sci-Fi,Spielberg,Hanks,DiCaprio,2023,139,3.094465400966786
Sci-Fi,Spielberg,DiCaprio,DiCaprio,1991,132,3.7015740857417065
Comedy,Cameron,DiCaprio,Cruise,1993,82,1.4400124177128029
Drama,Nolan,Streep,Hanks,2015,139,9.054297389549177
Romance,Nolan,Hanks,DiCaprio,2004,142,3.7063447311082762
Comedy,Cameron,Johansson,Johansson,2019,99,7.639453218981592
Action,Nolan,Hanks,Hanks,2001,98,9.582042383311254
Drama,Nolan,Streep,Cruise,2014,119,6.186970240000015
Drama,Spielberg,Streep,Streep,1987,94,8.856765102261077
Drama,Nolan,Streep,Johansson,2018,155,1.6443313602216878
Comedy,Wong,Streep,Johansson,1987,100,5.68021976545042
Drama,Wong,Streep,Streep,1994,82,2.132810204681778
Action,Cameron,Cruise,Hanks,2008,168,1.7310758899103167
Drama,Wong,Streep,DiCaprio,1989,131,9.544622822668774
Comedy,Wong,DiCaprio,DiCaprio,1997,90,4.23260463649755
Action,Wong,Johansson,Streep,1982,105,9.431511337170198
Comedy,Tarantino,Streep,Johansson,1988,111,5.513768580804613
Drama,Nolan,Hanks,DiCaprio,2021,145,4.997005546938654
Drama,Tarantino,DiCaprio,Johansson,2003,177,6.76336591811982
Drama,Nolan,Cruise,DiCaprio,2023,148,5.3398952504734405
Drama,Spielberg,Johansson,Cruise,1992,161,8.752641243020179
Drama,Nolan,Streep,Cruise,1992,166,9.666175802200375
Action,Spielberg,DiCaprio,Johansson,1993,143,6.640843708654466
Drama,Nolan,Streep,Streep,1982,140,9.437858407698064
Sci-Fi,Spielberg,Johansson,Hanks,2016,97,1.4507469750489976
Action,Spielberg,Johansson,Hanks,2015,103,7.380902163361187
Action,Cameron,Hanks,Johansson,1996,106,1.2375207461289128
Romance,Cameron,Hanks,Hanks,1982,151,8.133952573675595
Comedy,Nolan,Streep,DiCaprio,1981,115,5.70017203096694
Comedy,Cameron,Cruise,DiCaprio,2023,142,7.408827097785482
Action,Tarantino,Hanks,Streep,1987,101,6.319744818710765
Sci-Fi,Wong,Johansson,Cruise,2014,132,6.538466341931896
Comedy,Wong,Streep,Streep,2017,92,2.8892165626989237
Comedy,Wong,Johansson,Johansson,2015,90,7.129663552746345
Comedy,Spielberg,Hanks,DiCaprio,2015,102,6.130505444352154
Romance,Tarantino,Johansson,DiCaprio,1989,153,1.731736944920888
Comedy,Wong,Streep,Hanks,2000,88,6.193631437679101
Sci-Fi,Cameron,Cruise,Cruise,2017,101,7.845423630945665
Sci-Fi,Cameron,Hanks,Johansson,1995,141,8.10639010259285
Drama,Nolan,Johansson,Johansson,2022,170,5.286188610859552
Action,Cameron,DiCaprio,Johansson,1983,168,7.214807292118928
Sci-Fi,Cameron,Hanks,Streep,2022,122,4.79751962366536
Sci-Fi,Nolan,Hanks,Cruise,2002,139,9.245466671539758
Drama,Cameron,Hanks,DiCaprio,1988,85,6.6150463127377055
Drama,Nolan,DiCaprio,Johansson,2017,94,4.672215338541948
Sci-Fi,Wong,DiCaprio,DiCaprio,2018,135,3.524142115051788
Action,Spielberg,Cruise,DiCaprio,1999,119,9.417344553113761
Action,Cameron,Cruise,Hanks,1981,136,7.113247130190716
Sci-Fi,Wong,Cruise,Hanks,1996,169,3.5307983389508886
Action,Spielberg,Streep,DiCaprio,2011,84,3.3782100964764514
Action,Cameron,Hanks,Cruise,1993,177,8.544263280237955
Comedy,Nolan,Hanks,Johansson,2006,82,1.0005514927072794
Sci-Fi,Tarantino,Streep,Hanks,2022,107,7.220443349633761
Romance,Wong,Johansson,Johansson,1985,154,9.115906579629943
Romance,Spielberg,Cruise,Streep,1999,141,5.523109305007684
Drama,Cameron,Streep,Hanks,1986,160,7.387006800951261
Action,Spielberg,Hanks,Johansson,2001,106,8.49691808925072
Comedy,Tarantino,Johansson,Johansson,2014,140,2.5000022680347267
Action,Spielberg,DiCaprio,DiCaprio,1982,109,6.837929089078406
Action,Cameron,Streep,Streep,2012,81,3.1767536243463166
Drama,Cameron,Johansson,Johansson,1994,139,8.869047397565161
Drama,Nolan,Streep,DiCaprio,1980,151,1.819923639476539
Drama,Wong,Streep,Johansson,2018,163,7.651915134254585
Romance,Cameron,Streep,DiCaprio,2010,88,3.841482220491305
Drama,Cameron,Cruise,DiCaprio,2003,167,5.739813195080145
Romance,Wong,Hanks,Hanks,2001,116,1.2229856550600262
Romance,Nolan,DiCaprio,DiCaprio,1993,151,2.845790521397739
Romance,Nolan,DiCaprio,Cruise,1997,129,5.777069043648839
Romance,Tarantino,Streep,Cruise,1999,85,3.353333350462338
Action,Wong,DiCaprio,Johansson,2023,118,9.535379864475539
Drama,Nolan,Streep,Streep,2019,145,2.9385415092107845
Drama,Tarantino,Streep,Cruise,1997,140,4.18586372154879
Sci-Fi,Tarantino,Cruise,Hanks,2013,106,7.027899061914398
Romance,Tarantino,Johansson,Cruise,1988,157,3.8399893051903584
Comedy,Spielberg,Streep,Cruise,2015,150,7.303858654392921
Drama,Cameron,DiCaprio,Cruise,2015,177,3.211016030073771
Sci-Fi,Cameron,Cruise,DiCaprio,1986,122,8.814559413844263
Sci-Fi,Spielberg,DiCaprio,Cruise,2022,106,3.5431861770624877
Action,Wong,Hanks,Cruise,2018,90,9.646410996519789
Action,Spielberg,DiCaprio,Cruise,2011,143,1.4315745040474686
Drama,Spielberg,Hanks,Cruise,1995,120,4.481187750688916
Sci-Fi,Tarantino,Streep,Hanks,2011,175,7.16437577798256
Romance,Nolan,Johansson,Cruise,2008,95,9.579368494379615
Sci-Fi,Cameron,Cruise,DiCaprio,2008,91,4.193314302425916
Sci-Fi,Tarantino,Cruise,Cruise,1985,122,5.7110351606195575
Comedy,Nolan,Hanks,Streep,2011,150,2.176409272672443
Sci-Fi,Wong,Johansson,Hanks,2007,176,5.195789003428655
Drama,Spielberg,Streep,DiCaprio,2005,165,8.964052238596306
Comedy,Wong,DiCaprio,Johansson,2021,82,5.254051844235341
Romance,Tarantino,Streep,Hanks,2015,153,4.193079723285065
Sci-Fi,Tarantino,DiCaprio,Streep,2023,155,5.174325973239904
Action,Spielberg,DiCaprio,DiCaprio,2010,138,9.254942638584009
Comedy,Nolan,Streep,Streep,2003,124,1.0584972378787008
Comedy,Cameron,DiCaprio,DiCaprio,2023,136,2.2639133273672805
Sci-Fi,Nolan,Streep,DiCaprio,2003,119,2.0907080503390394
Romance,Tarantino,Streep,Johansson,1986,161,3.5239855323759057
Drama,Spielberg,DiCaprio,DiCaprio,2009,143,8.076558986448708
Romance,Wong,Hanks,DiCaprio,2003,119,6.318420689715108
Drama,Cameron,Hanks,Cruise,2010,87,6.9376801442320915
Romance,Nolan,Streep,DiCaprio,2011,153,7.649197832009209
Action,Cameron,DiCaprio,Johansson,2005,95,5.472255661538898
Drama,Tarantino,DiCaprio,Streep,2008,179,9.550947257674506
Sci-Fi,Cameron,Hanks,Streep,2017,132,4.710512133706052
Comedy,Tarantino,Hanks,Streep,2023,152,4.687739998102271
Action,Cameron,Johansson,DiCaprio,2020,102,5.3892489722428945
Action,Cameron,Johansson,Johansson,1996,138,4.5918131667697
Drama,Spielberg,Johansson,DiCaprio,2012,128,8.725254334176668
Sci-Fi,Cameron,Johansson,Johansson,1997,96,7.255407440429986
Comedy,Nolan,Hanks,Johansson,2020,163,9.91389147644367
Romance,Spielberg,Hanks,DiCaprio,2017,103,9.667067120881056
Sci-Fi,Cameron,Cruise,Johansson,2007,111,8.318447420289495
Romance,Spielberg,Johansson,Cruise,1980,143,6.6209898652522305
Romance,Spielberg,Johansson,Johansson,1995,85,2.3412792197231367
Drama,Spielberg,Cruise,DiCaprio,2002,97,7.172321799971451
Comedy,Wong,Johansson,DiCaprio,2017,144,6.582789986370233
Comedy,Tarantino,Johansson,Streep,1993,148,2.3607356173579315
Comedy,Wong,Cruise,Cruise,2023,130,9.803781926316613
Drama,Spielberg,DiCaprio,Johansson,1982,80,6.078129073392766
Comedy,Cameron,Streep,Cruise,2001,158,4.159899500806603
Action,Wong,DiCaprio,Johansson,2017,152,7.40645038997043
Romance,Cameron,Hanks,Hanks,2013,139,1.889860692871066
Drama,Spielberg,Johansson,Streep,2011,100,3.60014650971811
Comedy,Wong,Streep,Johansson,2013,177,6.335647248226291
Drama,Wong,Johansson,DiCaprio,2019,160,4.859980653224876
Comedy,Tarantino,Hanks,Cruise,1993,88,7.655216058453892
Drama,Cameron,Streep,DiCaprio,2005,115,9.250621554997403
Comedy,Cameron,DiCaprio,Johansson,2015,85,4.820494706918671
Action,Wong,Cruise,Johansson,2019,123,7.044991393833864
Action,Spielberg,Johansson,Streep,1995,100,5.696436652617138
Sci-Fi,Nolan,Hanks,Streep,2013,129,2.022303230343617
Romance,Cameron,Streep,DiCaprio,2004,172,6.447888375764819
Romance,Wong,Streep,Cruise,1986,113,3.90059509907472
Drama,Cameron,Johansson,Cruise,1999,148,2.0151392948911213
Action,Wong,Streep,Streep,2006,169,2.587395910891687
Drama,Nolan,Hanks,Cruise,2011,88,7.761437342010597
Sci-Fi,Wong,DiCaprio,Streep,2020,173,8.119155961952622
Sci-Fi,Nolan,Johansson,DiCaprio,1982,99,9.140947492501278
Romance,Wong,Hanks,Cruise,2022,85,6.656735959975872
Action,Wong,Hanks,DiCaprio,2022,91,3.8264999604172227
Drama,Spielberg,Hanks,Streep,2021,176,9.236696558772783
Romance,Wong,DiCaprio,Streep,2003,87,1.376952920711545
Sci-Fi,Nolan,Hanks,Hanks,2021,108,3.500843605532782
Action,Cameron,Cruise,DiCaprio,2000,176,5.172631883919561
Sci-Fi,Spielberg,Johansson,Cruise,1985,167,2.7935633392704786
